seccion,titular,enlace_noticia
Sociedad,Feminismo: 55% de las personas en Chile está de acuerdo con los planteamientos del movimiento,https://www.latercera.com/que-pasa/noticia/feminismo-55-de-las-personas-en-chile-esta-de-acuerdo-con-los-planteamientos-del-movimiento/HM7QHBHIPFCHTCDYDZ2XBOFWOQ/
LT Domingo,Catherine Millet: “Nuestra crítica al #MeToo era al encierro de la mujer en el papel de víctima”,https://www.latercera.com/culto/2021/05/01/catherine-millet-nuestra-critica-al-metoo-era-al-encierro-de-la-mujer-en-el-papel-de-victima/
Día de la Madre,"Doce libros para regalarle a mamá (según escritoras, editoras y madres)",https://www.latercera.com/practico/noticia/doce-libros-para-regalarle-a-mama-segun-escritoras-editoras-y-madres/5XKTBC2T2NGTJEHMGLKQCB2MOA/
Libros,Reseñas de libros: De Oliver Sacks a Arelis Uribe,https://www.latercera.com/culto/2021/04/09/resenas-de-libros-de-oliver-sacks-a-arelis-uribe/
LT Domingo,Jordan B. Peterson volvió desde el abismo: “Muestra gratitud a pesar de tu sufrimiento”,https://www.latercera.com/la-tercera-domingo/noticia/jordan-b-peterson-volvio-desde-el-abismo-muestra-gratitud-a-pesar-de-tu-sufrimiento/JEE6PKONAJFIVLIQVM45UN24OI/
LT Sábado,Reseñas de libros: de Rebecca Solnit a Claudio Bertoni,https://www.latercera.com/culto/2021/03/27/resenas-de-libros-de-rebecca-solnit-a-claudio-bertoni/
LT Domingo,"Guadalupe Nettel: “Estamos comenzando a cambiar el mundo, pero falta mucho para lograrlo”",https://www.latercera.com/culto/2021/03/21/guadalupe-nettel-estamos-comenzando-a-cambiar-el-mundo-pero-falta-mucho-para-lograrlo/
LT Sábado,Ayaan Hirsi  Ali: “Ahora algunas mujeres europeas esconden sus cuerpos para evitar el acoso”,https://www.latercera.com/la-tercera-sabado/noticia/ayaan-hirsi-ali-ahora-algunas-mujeres-europeas-esconden-sus-cuerpos-para-evitar-el-acoso/FKXPHOIQB5GHDNEZFIRKKNUJEU/
8M,Así se vivió el Día Internacional de la Mujer en el mundo,https://www.latercera.com/la-tercera-tv/noticia/asi-se-vivio-el-dia-internacional-de-la-mujer-en-el-mundo/GTGWIWR6G5DB5ALOJSQOSVEEHA/
Sociedad,"Apenas un 45,9% de los hombres cree que aún existen barreras que impiden el desarrollo de las mujeres en Chile",https://www.latercera.com/que-pasa/noticia/apenas-un-459-de-los-hombres-cree-que-aun-existen-barreras-que-impiden-el-desarrollo-de-las-mujeres-en-chile/HX2HJX26BFFLNEE3SK7PMWH2SY/
Red de Acción Carcelaria,La cruzada de un grupo de mujeres que busca suplir la carencia de artículos de higiene en las cárceles femeninas,https://www.latercera.com/la-tercera-tv/noticia/la-cruzada-de-un-grupo-de-mujeres-que-busca-suplir-la-carencia-de-articulos-de-higiene-en-las-carceles-femeninas/TOHA4JF7UBCJLOFIFT5LNCMNWU/
8M,#8M | ¿Qué falta para seguir avanzando en materia de género en nuestro país?,https://www.latercera.com/la-tercera-tv/noticia/8m-que-falta-para-seguir-avanzando-en-materia-de-genero-en-nuestro-pais/TQWJVDRJMBGY3HVFMLFLN7B3OY/
Tendencias,¿Qué tan identificadas se sienten las mujeres con el movimiento feminista en Chile?,https://www.latercera.com/tendencias/noticia/que-tan-identificadas-se-sienten-las-mujeres-con-el-movimiento-feminista-en-chile/S5ZNNVPNKZBP3OLJM35UWSIUIM/
Tendencias,"Ingrid Bachmann:“La mujer está tan invisible que cuando no está, no se dan cuenta”",https://www.latercera.com/tendencias/noticia/ingrid-bachmannla-mujer-esta-tan-invisible-que-cuando-no-esta-no-se-dan-cuenta/WMJMKJBWTVD3BCORMHN7LQIM4Y/
Libros,Sylvie Le Bon: “Simone de Beauvoir era el pilar de mi existencia”,https://www.latercera.com/culto/2021/02/28/sylvie-le-bon-simone-de-beauvoir-era-el-pilar-de-mi-existencia/
Re:Constitución,Giovanna Roa (RD): “El feminismo va a ser a la nueva Constitución lo que el Estado subsidiario fue a la Constitución del 80”,https://www.latercera.com/reconstitucion/noticia/giovanna-roa-rd-el-feminismo-va-a-ser-a-la-nueva-constitucion-lo-que-el-estado-subsidiario-fue-a-la-constitucion-del-80/W4GTH5YGUJHFPFEXGKZ24CK4ZE/
Convención Constituyente,¿Es posible construir una Constitución con perspectiva de género?,https://www.latercera.com/la-tercera-tv/noticia/es-posible-construir-una-constitucion-con-perspectiva-de-genero/IHCIGEIERBHGVITZL7GOSUCBWU/
Deportes,La Asociación de Windsurfistas Profesionales introduce la premiación igualitaria para hombres y mujeres,https://www.latercera.com/la-tercera-tv/noticia/la-asociacion-de-windsurfistas-profesionales-introduce-la-premiacion-igualitaria-para-hombres-y-mujeres/Y6I3WQDHERBWNMFENJHCOWBQ7I/
Sociedad,La alerta de una experta publicitaria y feminismo: “La publicidad ha quedado mucho más atrás de lo que ha avanzado la sociedad”,https://www.latercera.com/que-pasa/noticia/la-alerta-de-una-experta-publicitaria-y-feminismo-la-publicidad-ha-quedado-mucho-mas-atras-de-lo-que-ha-avanzado-la-sociedad/GKAGEFAQEVBO5EZVRYR2ZRMCY4/
Noticias,Condenan a la activista que luchaba por el derecho a manejar de las mujeres en Arabia Saudita,https://www.latercera.com/mtonline/noticia/condenan-a-la-activista-que-luchaba-por-el-derecho-a-manejar-de-las-mujeres-en-arabia-saudita/44QHGH6WJVGIBLUWS73DB3CC3A/
ActualidadLT,Así se celebró en Argentina la aprobación de la ley que regula el aborto,https://www.latercera.com/la-tercera-tv/noticia/asi-se-celebro-en-argentina-la-aprobacion-de-la-ley-que-regula-el-aborto/VU4ZURCATZHKHAV53ER75ZX5VE/
Conversaciones LT,"Aniversario 70 LT: Feministrómetro, ¿existen las malas feministas?",https://www.latercera.com/conversacioneslt/noticia/aniversario-70-lt-feministrometro-existen-las-malas-feministas/GNX3BD46ZBEO5A4YPOYAIZAUCU/
Conversaciones LT,Aniversario 70 LT: Entrevista con Mercedes Funes,https://www.latercera.com/conversacioneslt/noticia/aniversario-70-lt-entrevista-con-mercedes-funes/LOB6T33XQVALLDSBZMOXWSLWQQ/
Verdades que ya no son,El feminismo siempre libera a las mujeres,https://www.latercera.com/paula/el-feminismo-siempre-libera-a-la-mujeres/
Violencia de género,Día internacional contra la violencia de género | Los desafíos pendientes para garantizar una real protección,https://www.latercera.com/la-tercera-tv/noticia/dia-internacional-de-la-eliminacion-de-la-violencia-contra-la-mujer-los-desafios-pendientes-para-proteger-a-las-mujeres/HH7JGMH33NC33ISTW2XI665YOA/
Entrevista,"Mónica Zalaquett, ministra de la Mujer y la Equidad de Género: “El feminismo no es de izquierda ni de derecha”",https://www.latercera.com/politica/noticia/monica-zalaquett-ministra-de-la-mujer-y-la-equidad-de-genero-el-feminismo-no-es-de-izquierda-ni-de-derecha/CHW3IUDYVVF6PB2XPQPNOJO2SI/
Ideas,El descubrimiento que plantea la tesis de la “mujer cazadora” en la prehistoria,https://www.latercera.com/culto/2020/11/12/el-descubrimiento-que-plantea-la-tesis-de-la-mujer-cazadora-en-la-prehistoria/
Libros,Simone de Beauvoir: la vida como un experimento filosófico,https://www.latercera.com/culto/2020/11/06/simone-de-beauvoir-la-vida-como-un-experimento-filosofico/
Libros,"Isabel Allende: “Por cualquier cosa que yo diga me caen golpes, pero es parte del precio que uno paga”",https://www.latercera.com/culto/2020/11/01/isabel-allende-por-cualquier-cosa-que-yo-diga-me-caen-golpes-pero-es-parte-del-precio-que-uno-paga/
Oráculo Paula,"“Mi esperanza es modesta, solo espero que los hombres sean honestos”, Jen Richards",https://www.latercera.com/paula/mi-esperanza-es-modesta-solo-espero-que-los-hombres-sean-honestos-jen-richards/
Camino a la Casa Blanca,Anna Deeny Morales: “Biden y los demócratas escucharon a los movimientos feministas después de 2016”,https://www.latercera.com/mundo/noticia/anna-deeny-morales-biden-y-los-democratas-escucharon-a-los-movimientos-feministas-antes-de-2016/AKKYNNKHYVHMTGLNTMBTT4ANO4/
Sociedad,Feminismo en Chile: ¿Quiénes son las mujeres que construyeron el 8M?,https://www.latercera.com/que-pasa/noticia/feminismo-en-chile-quienes-son-las-mujeres-que-construyeron-el-8m/4JXEAL65EFDS3LBPCHHV33G7LM/
La Tercera Pm,De Isabel Allende a Judith Butler: Festival de Autores digital reunirá a más de 100 escritores,https://www.latercera.com/la-tercera-pm/noticia/de-isabel-allende-a-judith-butler-festival-de-autores-digital-reunira-a-mas-de-100-escritores/YOV25QY755EYZFERNE4X6ZM36I/
Feminismo,Revista Time nomina a Lastesis entre las 100 personas más influyentes de 2020,https://www.latercera.com/la-tercera-tv/noticia/revista-time-nomina-a-lastesis-entre-las-100-personas-mas-influyentes-de-2020/2FURSCA2JZF63JSRFGRLJ5X7EY/
Feminismo,Revista Time incluye a Lastesis en listado de las 100 personas más influyentes del mundo en 2020,https://www.latercera.com/nacional/noticia/revista-time-incluye-a-lastesis-entre-las-100-personas-mas-influyentes-del-mundo-el-2020/KD32WY342VCIJIB2ME4V6JD6KY/
La Tercera AM,La Corte Suprema a la medida de Trump,https://www.latercera.com/mundo/noticia/la-corte-suprema-a-la-medida-de-trump/KORJWMHL2BEHJMFZ4S7RKQZ3WE/
Opinión,#NoEstamosTodas: La orfandad de ser mujer,https://www.latercera.com/que-pasa/noticia/noestamostodas-la-orfandad-de-ser-mujer/264IAWXHYNFJPN2LKFS3MBKUFQ/
Libros,Premio Nacional de Literatura: una sola poeta en 80 años,https://www.latercera.com/culto/2020/07/15/premio-nacional-de-literatura-una-sola-poeta-en-80-anos/
Nostalgia,"Vanessa y Vania, las hermanas terribles de Marrón Glacé",https://www.latercera.com/paula/vanessa-y-vania-las-hermanas-terribles-de-marron-glace/
Literatura,"Gabriela Cabezón Cámara, escritora argentina: “Después de la pandemia, vamos a tener que batallar por una vida digna”",https://www.latercera.com/culto/2020/06/16/gabriela-cabezon-camara-escritora-argentina-despues-de-la-pandemia-vamos-a-tener-que-batallar-por-una-vida-digna/
Feminismo,"Afrofeminismos: Una trenza de raza, clase y género",https://www.latercera.com/paula/noticia/afrofeminismos-una-trenza-de-raza-clase-y-genero/34SUGGBAMVBR5A7B5S5FAX7QPM/
Oráculo Paula,"“Luchar contra los prejuicios nos dignifica”, doctora Eloísa Díaz",https://www.latercera.com/paula/noticia/luchar-contra-los-prejuicios-nos-dignifica-doctora-eloisa-diaz/5LKL5IL3MBFQHNLJGU7JEBN4HU/
Género,Por qué no debemos normalizar el machismo en los grupos de WhatsApp de hombres,https://www.latercera.com/paula/noticia/por-que-no-debemos-normalizar-el-machismo-en-los-grupos-de-whatsapp-de-hombres/V7OMDFHT2RBRFK47DLDVKKINHE/
Género,Erradicando a la machista: Mi marido me ayuda en la casa,https://www.latercera.com/paula/noticia/erradicando-a-la-machista-mi-marido-me-ayuda-en-la-casa/37VVQWLKZJFJZKHPOAUCSSJKYA/
Feminismo,La feminista autodidacta: Dos libros y una película para aprender más del movimiento,https://www.latercera.com/paula/noticia/la-feminista-autodidacta-dos-libros-y-una-pelicula-para-aprender-mas-del-movimiento/ZSMGUHPW6ZCW7OTX7RYOPKFZYU/
Feminismo,Basta de envidia entre mujeres,https://www.latercera.com/paula/noticia/basta-de-envidia-entre-mujeres/Z5EJUYBIYVAIRFY64JQACA7BWU/
Re:Constitución,Miriam Henríquez: “Los debates previos al proceso constituyente actual fueron modestos o mezquinos en atender las demandas de género”,https://www.latercera.com/reconstitucion/noticia/miriam-henriquez-los-debates-previos-al-proceso-constituyente-actual-fueron-modestos-o-mezquinos-en-atender-las-demandas-de-genero/KAYINVKG4NBLPBPBGORTCURTDY/
Género,Erradicando a la machista: Ellos saben más que nosotras,https://www.latercera.com/paula/noticia/ellos-saben-mas-que-nosotras/IEEQXRUIB5BQPICGDSCLORMN3Y/
Gobierno,"Ministra Santelices asegura que hay movimientos feministas “que buscan el caos, la destrucción y la descalificación” y que no tienen “nada que ver con las marchas que hemos visto en el país”",https://www.latercera.com/politica/noticia/ministra-santelices-asegura-que-hay-movimientos-feministas-que-buscan-el-caos-la-destruccion-y-la-descalificacion-y-que-no-tienen-nada-que-ver-con-las-marchas-que-hemos-visto-en-el-pais/B5QVWPVJ2BGBFED3QLXHHC47FM/
Feminismo,Labores domésticas en cuarentena: “Nunca había peleado tanto con mi marido como este mes”,https://www.latercera.com/paula/roles-de-genero-en-cuarentena-trabajo-domestico-corresponsabilidad-2/
Feminismo,"Las madres no están empoderadas, están sobrecargadas",https://www.latercera.com/paula/empoderamiento-femenino-maternidad-sobrecargadas-mujeres-presion-como-manejar-el-estres/
Feminismo,División sexual del trabajo: La importancia de los roles femeninos durante la pandemia,https://www.latercera.com/paula/coronavirus-division-sexual-del-trabajo-la-importancia-de-los-roles-femeninos-durante-la-pandemia-feminismo/
Coronavirus,Cómo afecta la crisis por coronavirus el avance del feminismo,https://www.latercera.com/paula/gana-o-pierde-le-feminismo-con-el-coronavirus-politicas-publicas-de-genero/
Feminismo,"Feminista autodidacta: Un Stand Up, una novela gráfica y una película islandesa para sumarte al movimiento",https://www.latercera.com/paula/feminismo-stand-up-estupidez-compleja-malena-pichot-netflix-no-abuses-de-este-libro-novela-grafica-nati-chuleta-pelicula-woman-at-war/
Feminismo,El discurso feminista que esconde Westworld,https://www.latercera.com/paula/discurso-feminista-serie-westworld-hbo/
Feminismo,"Poco Ortodoxa, lección de liberación",https://www.latercera.com/paula/esty-poco-ortodoxa-serie-netflix-judaismo-liberacion-femenina-los-satamar/
La Tercera PM,Isabel Allende y la epidemia en Estados Unidos: “Esto ha sido una lección brutal y supongo que estamos aprendiendo mucho”,https://www.latercera.com/la-tercera-pm/noticia/isabel-allende-esto-ha-sido-una-leccion-brutal-y-supongo-que-estamos-aprendiendo-mucho/NNR2WREXQNAWDOYS2TOF6O4UME/
cultura,"Feminista autodidacta: Un podcast, un documental y un taller para aprender más de feminismo",https://www.latercera.com/paula/documentales-libros-series-podcast-talleres-feministas-documental-period-end-of-sentence-documental-netflix-rita-segato-revista-anfibia-vaginas-ilustradas/
Feminismo,¿El feminismo mainstream es feminista?,https://www.latercera.com/paula/feminismo-mainstream-musica-beyonce-bad-bunny-feministas/
Feminismo,Consentimiento: No es no,https://www.latercera.com/paula/consentimiento-no-es-no-violacion-la-manada-leyes/
Paula,Feminismo y política: ¿es necesario un partido político?,https://www.latercera.com/paula/partido-feminista-politica-nueva-constitucion-paridad/
Paula,La carga doméstica que suele recaer en nosotras,https://www.latercera.com/paula/carga-domestica-mujeres-genero/
Paula,Mujer y trabajo: No somos capital erótico,https://www.latercera.com/paula/capital-erotico-trabajo/
Feminismo,¿Existe lo femenino?,https://www.latercera.com/paula/que-es-genero-femenino/
Paula,Brecha salarial y las profesiones que no estamos accediendo,https://www.latercera.com/paula/brecha-salarial-chile-carreras-mejor-pagadas/
Paula,Que deje de importar el cómo nos vemos,https://www.latercera.com/paula/mujeres-y-fisico/
Paula,Hablemos de menstruación,https://www.latercera.com/paula/hablemos-de-menstruacion/
Feminismo,Techo de cristal: las barreras que hay que romper,https://www.latercera.com/paula/techo-de-cristal-trabajo-mujeres/
#HistoriasLT,Matando el macho interior,https://www.latercera.com/la-tercera-tv/noticia/historialt-matando-el-macho-interior/UXD3KPSRHZHDNG2UBBS5HCILFU/
Feminismo,"Valeria Artigas, de Las Tesis Senior: ""Me encanta como las cabras jóvenes encaran a los tipos que les corren mano"".",https://www.latercera.com/paula/valeria-artigas-las-tesis-senior-me-encanta-las-cabras-jovenes-encaran-los-tipos-les-corren-mano/
Feminismo,La ola performática del feminismo: una nueva forma de protesta,https://www.latercera.com/paula/la-ola-performatica-del-feminismo-una-nueva-forma-protesta/
Música,"Supernova: “Las mujeres son las que tienen mérito acá, hemos tenido que abrirnos espacio a empujones”",https://www.latercera.com/culto/2020/09/04/supernova-las-mujeres-son-las-que-tienen-merito-aca-hemos-tenido-que-abrirnos-espacio-a-empujones/
Isabel Allende,Isabel Allende: “Las feministas chilenas han inspirado a las mujeres en el mundo”,https://www.latercera.com/la-tercera-domingo/noticia/isabel-allende-las-feministas-chilenas-han-inspirado-a-las-mujeres-en-el-mundo/GZ6JD6X6E5E6VNYOPERZBOWAOI/
Elena Caffarena,"Elena Caffarena, emancipada",https://www.latercera.com/culto/2020/03/07/elena-caffarena-emancipada/
Feminismo,"Lorena Fries: ""El feminismo es el origen del estallido social""",https://www.latercera.com/paula/feminismo-origen-del-estallido-social/
Sociedad,Feminismo y hombres: ¿Cuál es su rol?¿Pueden participar en las marchas de 8M?,https://www.latercera.com/que-pasa/noticia/feminismo-y-hombres-cual-es-su-rolpueden-participar-en-las-marchas-de-8m/GHLWPWNVDRBWPMOMQUH23N47PA/
Paula,El lenguaje nos invisibiliza,https://www.latercera.com/paula/lenguaje-nos-invisibiliza/
Mujeres,Informe del PNUD: Cerca del 90% de las personas tiene algún prejuicio contra las mujeres,https://www.latercera.com/mundo/noticia/informe-del-pnud-cerca-del-90-de-las-personas-tiene-algun-prejuicio-contra-las-mujeres/RTGDFDJYKNBQVOBPLTWMEGKVJY/
Feminismo,"Feminazi, el término maldito",https://www.latercera.com/paula/feminazi-termino-maldito/
Feminismo,Qué entendemos por sororidad,https://www.latercera.com/paula/que-entendemos-por-sororidad/
Aprender para no depender,Hablemos de feminismo,https://www.latercera.com/paula/hablemos-de-feminismo/
Entrevista,"María Noel Vaeza, directora regional para las Américas y el Caribe de ONU Mujeres: ""Yo creo en la paridad, tiene que ser nuestro norte""",https://www.latercera.com/mundo/noticia/maria-noel-vaeza-directora-regional-las-americas-caribe-onu-mujeres-creo-la-paridad-norte/995354/
La Tercera PM,"Desde ""Matapaco"" a ""Chile Despertó"": Las marcas que buscan salir a la luz después del estallido social",https://www.latercera.com/la-tercera-pm/noticia/desde-matapaco-a-chile-desperto-las-marcas-que-buscan-salir-a-la-luz-despues-del-estallido-social/981318/
Feminismo,Los azares del cuerpo,https://www.latercera.com/paula/los-azares-del-cuerpo/
#MeToo,"Chimamanda Ngozi Adichie, la escritora icono del feminismo que viene a Chile",https://www.latercera.com/la-tercera-pm/noticia/chimamanda-ngozi-adichie-la-escritora-icono-del-feminismo-viene-chile/969285/
Opinión,"La viralización de LasTesis: violencia hacia las mujeres no tiene condición social, ni color, ni fronteras",https://www.latercera.com/que-pasa/noticia/la-viralizacion-de-lastesis/953247/
La Tercera PM,"Christiane Endler en clave feminista: ""Hay que trabajar y luchar en pro de la igualdad""",https://www.latercera.com/la-tercera-pm/noticia/953553/953553/
Feminismo,Terminar con la violencia sexual,https://www.latercera.com/paula/terminar-la-violencia-sexual/
Feminismo,Compartir el trabajo doméstico,https://www.latercera.com/paula/compartir-trabajo-domestico/
Feminismo,La necesidad de referentes,https://www.latercera.com/paula/la-necesidad-referentes/
ElPresenteEsFemenino,"Igual pega, igual paga",https://www.latercera.com/paula/igual-pega-igual-paga/
Feminismo,Romper con los cánones de belleza,https://www.latercera.com/paula/romper-los-canones-belleza/
Relaciones,Cómo iniciar una conversación con fines románticos en la era de Lastesis,https://www.latercera.com/practico/noticia/iniciar-conversacion-fines-romanticos/944968/
Sofía Calvo,"Sofía Calvo: ""La ropa puede ser un vehículo de desobediencia""",https://www.latercera.com/culto/2019/12/17/sofia-calvo-escritora-la-ropa-puede-vehiculo-desobediencia/
Libros,¿Vivimos en una “cultura de la violación”?,https://www.latercera.com/culto/2019/12/17/vivimos-en-una-cultura-de-la-violacion/
Feminismo,"LasTesis: ""La revolución feminista es la más necesaria de la historia""",https://www.latercera.com/nacional/noticia/lastesis-la-revolucion-feminista-la-mas-necesaria-la-historia/937081/
Feminismo,"Lastesis: ""Es curioso que hoy nuestra palabra valga algo; siempre hemos luchado por ser escuchadas""",https://www.latercera.com/culto/2019/12/12/lastesis-nuestra-palabra-valga-algo/
Feminismo,"Lastesis: ""Es curioso que hoy nuestra palabra valga algo; siempre hemos luchado por ser escuchadas""",https://www.latercera.com/culto/2019/12/12/lastesis-nuestra-palabra-valga-algo/
Feminismo,"Lastesis: ""Es curioso que hoy nuestra palabra valga algo; siempre hemos luchado por ser escuchadas""",https://www.latercera.com/culto/2019/12/12/lastesis-nuestra-palabra-valga-algo/
Feminismo,"Lastesis: ""Es curioso que hoy nuestra palabra valga algo; siempre hemos luchado por ser escuchadas""",https://www.latercera.com/culto/2019/12/12/lastesis-nuestra-palabra-valga-algo/
Libros,Cómo callar a los hombres,https://www.latercera.com/culto/2019/12/11/como-callar-a-los-hombres/
Crisis social,Alexandria Ocasio-Cortez difunde video de Lastesis y expresa solidaridad con las chilenas,https://www.latercera.com/mundo/noticia/alexandria-ocasio-cortez-difunde-video-lastesis-expresa-solidaridad-las-chilenas/929777/
Feminismo,Lastesis: llegó la hora de las seniors,https://www.latercera.com/nacional/noticia/lastesis-llego-la-hora-las-seniors/926924/
Feminismo,"Ministra Plá aborda por primera vez performance de Lastesis: ""Ha visibilizado la violencia sexual contra la mujer""",https://www.latercera.com/nacional/noticia/ministra-pla-aborda-primera-vez-performance-lastesis-ha-visibilizado-la-violencia-sexual-la-mujer/926607/
Sociedad,Lastesis: la hora de las mujeres mayores,https://www.latercera.com/que-pasa/noticia/lastesis-la-hora-de-las-mujeres-mayores/925995/
Sociedad,"Feminismo, el siguiente paso: las razones tras eco universal de Lastesis",https://www.latercera.com/que-pasa/noticia/las-razones-tras-eco-universal-de-lastesis/924657/
Feminismo,La violencia de género según las mujeres,https://www.latercera.com/paula/la-violencia-genero-segun-las-mujeres/
Marcela Trujillo,"Marcela Trujillo: ""El dibujo te ayuda a desarticular traumas""",https://www.latercera.com/culto/2019/11/26/marcela-trujillo-escritora-grafica-dibujo-te-ayuda-desarticular-traumas/
Shirley Manson,"Shirley Manson por crisis social chilena: ""Cuando la policía dispara a las caras de la gente, no es accidental""",https://www.latercera.com/culto/2019/11/12/shirley-manson-crisis-social-chile/
George Eliot,Dos siglos de George Eliot: la primera escritora feminista,https://www.latercera.com/culto/2019/11/06/george-eliot-escritora-feminista/
Vida inteligente,"El género, lo queer y la política según Judith Butler",https://www.latercera.com/practico/noticia/genero-queer-politica-judith-butler/845507/
#MeToo,Fundadora del #MeToo francés es condenada por difamar al hombre al que acusó,https://www.latercera.com/mundo/noticia/fundadora-del-metoo-frances-condenada-difamar-al-hombre-al-acuso/834426/
Universidad de los Andes,"""Advertimos una ideologización desde la dialéctica feminista"": La defensa de la Pastoral de derecho de la U. Andes tras críticas a mensajes religiosos publicados en Instagram",https://www.latercera.com/nacional/noticia/u-andes-mensajes-religosos-feminismo/801624/
Octavia Butler,"Afrofuturismo: se publica novela de la dama de la ciencia ficción estadounidense, Octavia Butler",https://www.latercera.com/culto/2019/08/26/afrofuturismo-octavia-butler/
Cine,"Mean girls, Tina Fey y la importancia de solidarizar entre mujeres",https://www.latercera.com/culto/2019/08/22/mean-girls-tina-fey-y-la-importancia-de-solidarizar-entre-mujeres/
Amistad,"""La amistad nunca se acaba"", Spice Girls",https://www.latercera.com/paula/spice-girls/
María Moreno,"María Moreno: ""Excluir al trans feminismo es negar la historia y las decisiones ya tomadas colectivamente""",https://www.latercera.com/culto/2019/07/04/maria-moreno-trans-feminismo/
Premio Impulsa,Sector de consumo decepciona tras bajo porcentaje de mujeres en altos cargos,https://www.latercera.com/pulso/noticia/consumo-decepciona-mujeres-altos-cargos/702535/
Mariel Mariel,Mariel Mariel entre reggaetón y feminismo,https://www.latercera.com/culto/2019/06/11/mariel-entre-reggaeton-feminismo/
Mauricio Redolés,"Orbitando los latidos de Mauricio Redolés: vida, cultura y literatura",https://www.latercera.com/culto/2019/06/05/mauricio-redoles-vida-literatura/
iLe,"iLe y su segundo disco en solitario: ""Aunque sea distinto, refleja la misma firmeza que Calle 13""",https://www.latercera.com/culto/2019/05/28/ile-almadura-entrevista-feminismo-calle-13/
Sociedad,"A un año de la marcha ""por una educación no sexista"" que revitalizó el feminismo en Chile",https://www.latercera.com/que-pasa/noticia/a-un-ano-de-la-marcha-por-una-educacion-no-sexista-que-revitalizo-el-feminismo-en-chile/658077/
Arte,Mujeres al frente,https://www.latercera.com/masdeco/mujeres-al-frente/
La Tercera PM,"Justicia Espada, la ingeniera ícono femenino que no fue feminista",https://www.latercera.com/la-tercera-pm/noticia/justicia-espada-la-ingeniera-icono-femenino-no-fue-feminista/643436/
Feminismo,"Columna de Alejandra Sepúlveda: A un año del mayo feminista, ¿Hay lugar  para el optimismo?",https://www.latercera.com/reportajes/noticia/columna-de-alejandra-sepulveda-a-un-ano-del-mayo-feminista-hay-lugar-para-el-optimismo/640897/
Tendencias,"Virginia Ungar, presidenta de la Asociación Psicoanalítica Internacional: ""Detrás del odio  a la mujer hay mucho miedo""",https://www.latercera.com/tendencias/noticia/virginia-ungar-presidenta-la-asociacion-psicoanalitica-internacional-detras-del-odio-la-mujer-mucho-miedo/640656/
Feminismo,"Emilia Schneider, primera presidenta trans de la Fech: ""Este es un momento histórico""",https://www.latercera.com/nacional/noticia/emilia-schneider-primera-presidenta-trans-la-fech-este-momento-historico/639444/
La Tercera PM,¿Diputades? Cámara Baja cambiará de nombre,https://www.latercera.com/la-tercera-pm/noticia/diputades-camara-baja-cambiara-nombre/631206/
Mi Historia,"Jessica Benjamin, la feminista que desafía a Trump",https://www.latercera.com/que-pasa/noticia/jessica-benjamin-la-feminista-desafia-trump/616326/
Pulso Domingo,El lento avance de las mujeres en la alta gerencia de las empresas chilenas,https://www.latercera.com/pulso/noticia/lento-avance-las-mujeres-la-alta-gerencia-las-empresas-chilenas/613539/
Judith Butler,"Judith Butler: ""Me complace mucho que el feminismo vuelva a ser fuerte""",https://www.latercera.com/culto/2019/04/05/judith-butler-feminismo-fuerte/
Mujeres latinas y creadoras,"""Rolling Stone Argentina llegó a tener una mujer en la tapa, sin estar mostrando las tetas, recién hace poco""",https://www.latercera.com/culto/2019/04/04/paula-rivera-inamu-entrevista/
social,Café con piernas Vs. Feminismo,https://www.latercera.com/la-tercera-tv/noticia/cafe-piernas-vs-feminismo/578005/
Valparaíso,"Caso de ""autodefensa feminista"" deriva en conflicto y huelga de hambre en la UPLA",https://www.latercera.com/nacional/noticia/caso-autodefensa-feminista-deriva-conflicto-huelga-hambre-la-upla/577629/
Feminismo,Así que esto era la sororidad,https://www.latercera.com/paula/asi-la-sororidad/
Feminismo,Estas son las cifras del feminismo en Chile,https://www.latercera.com/la-tercera-tv/noticia/estas-las-cifras-del-feminismo-chile/569646/
Alia Trabucco,"Alia Trabucco Zerán sobre La Resta: ""Es una novela que escribí pensando en nuestra historia""",https://www.latercera.com/culto/2019/03/14/alia-trabucco-entrevista/
Mi Historia,La feminista argentina que afirma que un mundo diseñado por y para los hombres pone en peligro a las mujeres,https://www.latercera.com/que-pasa/noticia/la-feminista-argentina-afirma-mundo-disenado-los-hombres-pone-peligro-las-mujeres/568673/
Feminismo,Más que una nueva ola feminista,https://www.latercera.com/paula/mas-una-nueva-ola-feminista/
Feminismo,"Isabel Plá, ministra de la Mujer: ""El gesto del gobierno  es haber instalado demandas anheladas por las chilenas""",https://www.latercera.com/politica/noticia/isabel-pla-ministra-la-mujer-gesto-del-gobierno-haber-instalado-demandas-anheladas-las-chilenas/565593/
Feminismo,Marcha 8M: Juntas somos más,https://www.latercera.com/paula/marcha8m/
8M,Por qué marchamos,https://www.latercera.com/paula/por-que-marchamos/
Manifiesto,"Manifiesto de Maite Orsini, diputada RD: ""Hay un sector conservador y machista que no le importa mi trabajo y solo busca asociarme con un hombre""",https://www.latercera.com/reportajes/noticia/manifiesto-maite-orsini-diputada-los-21-anos-me-reconoci-feminista/562034/
Corte Suprema,"Presidenta de la Asociación de Magistrados: ""Los jueces tenemos que erradicar ahora los estereotipos y fallar con perspectiva de género""",https://www.latercera.com/reportajes/noticia/presidenta-la-asociacion-magistrados-los-jueces-tenemos-erradicar-ahora-los-estereotipos-fallar-perspectiva-genero/562458/
Feminismo,Columna de opinión de Óscar Contardo: Color de rosa,https://www.latercera.com/reportajes/noticia/columna-opinion-oscar-contardo-color-rosa/562350/
Friends,"""Igual todas quieren casarse"": una mirada feminista sobre Friends",https://www.latercera.com/culto/2019/03/08/una-mirada-feminista-sobre-friends/
#LTenVivo,#LTenVivo | ¿El feminismo es patrimonio de la izquierda?,https://www.latercera.com/la-tercera-tv/noticia/ltenvivo-feminismo-patrimonio-la-izquierda/560953/
Feminismo,Lisa Simpson: la primera feminista que conocí,https://www.latercera.com/culto/2019/03/08/lisa-simpson-primera-feminista/
Día de la Mujer,"Coordinadoras del 8M en Argentina: ""Con la movilización de Ni Una Menos las reivindicaciones de las mujeres marcan agenda en el país""",https://www.latercera.com/mundo/noticia/coordinadoras-del-8m-argentina-la-movilizacion-una-menos-las-reivindicaciones-las-mujeres-marcan-agenda-pais/560047/
Gordofobia,#HistoriasLT | La lucha gorda,https://www.latercera.com/la-tercera-tv/noticia/historiaslt-la-lucha-gorda/505954/
8M,Las mujeres y el trabajo,https://www.latercera.com/paula/las-mujeres-trabajo/
Estudio,Uno de cada tres hombres chilenos se considera feminista,https://www.latercera.com/que-pasa/noticia/uno-tres-hombres-chilenos-se-considera-feminista/559712/
Columna de Opinión,Necesitamos Feminismo,https://www.latercera.com/que-pasa/noticia/necesitamos-feminismo/550294/
Sociedad,"#MujerTeniaQueSer, cómo la publicidad se abre paso a las demandas feministas",https://www.latercera.com/que-pasa/noticia/mujerteniaqueser-la-publicidad-se-abre-paso-las-demandas-feministas/558800/
Sociedad,¿Quiénes se oponen a las demandas sociales de las mujeres?,https://www.latercera.com/que-pasa/noticia/quienes-se-oponen-a-las-demandas-sociales-de-las-mujeres/559388/
La once,Un club de once,https://www.latercera.com/paula/club-de-once/
8M,#HistoriasLT | Atrapada en mi denuncia,https://www.latercera.com/la-tercera-tv/noticia/video-historiaslt-atrapada-en-mi-denuncia/557583/
canon literario,#CuestionaTuCanon,https://www.latercera.com/culto/2019/03/07/cuestionatucanon/
Sociedad,"Decano de la Usach desata furia por llamar a académicas a no participar de huelga del 8 de marzo por considerarla ""el colmo de ridículo""",https://www.latercera.com/que-pasa/noticia/decano-la-usach-desata-furia-llamar-academicas-no-participar-huelga-del-8-marzo-considerarla-colmo-ridiculo/556794/
Empresas & Mercados,Sofofa busca incentivar la llegada de más mujeres al nuevo consejo general de cara a las próximas elecciones,https://www.latercera.com/pulso/noticia/sofofa-busca-incentivara-la-llegada-mas-mujeres-al-nuevo-consejo-general/555919/
Educación,"""Apoderades"" y ""alumnes"" festejan cambio a mixto en liceo José Victorino Lastarria",https://www.latercera.com/nacional/noticia/festejan-cambio-mixto-liceo-lastarria/555833/
Ideas,8 frases para entender las ideas de Rosa Luxemburgo,https://www.latercera.com/culto/2019/03/05/frases-rosa-luxemburgo/
8M,"Guacolda, Ana González e ""Hija de Perra"": ¿Quiénes son las mujeres que rebautizaron las estaciones del Metro?",https://www.latercera.com/la-tercera-pm/noticia/guacolda-ana-gonzalez-e-hija-perra-quienes-las-mujeres-rebautizaron-las-estaciones-del-metro/553823/
Educación,"""Educación Libre de Sexismo"": Mineduc lanza nueva campaña que promueve la docencia sin sesgos de género",https://www.latercera.com/nacional/noticia/educacion-libre-sexismo-mineduc-lanza-nueva-campana-promueve-la-docencia-sin-sesgos-genero/550651/
Feminismo,España se prepara para nueva jornada de movilizaciones,https://www.latercera.com/mundo/noticia/espana-se-prepara-nueva-jornada-movilizaciones/549365/
8 de marzo,Voces del feminismo,https://www.latercera.com/paula/voces-del-feminismo/
Pulso Columnas,¿Premio o castigo?,https://www.latercera.com/pulso/noticia/premio-o-castigo/547672/
Columna de Opinión,"Violencia sexual en grupo: qué hay detrás de ""las manadas""",https://www.latercera.com/que-pasa/noticia/violencia-sexual-grupo-detras-las-manadas/516152/
Columna de Opinión,#TodosVanaCaer: cómo el acoso a Camila Gallardo reavivó la lucha feminista en las redes sociales,https://www.latercera.com/que-pasa/noticia/todosvanacaer-acoso-camila-gallardo-reavivo-la-lucha-feminista-las-redes-sociales/542138/
Premios Oscar,Columna de Mercedes Ducci: Ojo de mujer para Hollywood,https://www.latercera.com/reportajes/noticia/columna-mercedes-ducci-ojo-mujer-hollywood/540328/
Economía & Dinero,"Brecha de ingresos entre hombres y mujeres baja a 12,4% desde Ley de Igualdad Salarial de 2009",https://www.latercera.com/pulso/noticia/brecha-ingresos-14-puntos-desde-se-promulgo-la-ley-igualdad-salarial-2009/535829/
Exposiciones,Guía de arte,https://www.latercera.com/masdeco/guia-de-arte-214/
Empresas & Mercados,Firmas de seguros lideran en participación de mujeres en gerencias,https://www.latercera.com/pulso/noticia/firmas-seguros-lideran-participacion-mujeres-gerencias/518965/
Libros,La mujer rota,https://www.latercera.com/paula/la-mujer-rota/
Pulso Columnas,Directorio y diversidad: mucho ruido y pocas nueces,https://www.latercera.com/pulso/noticia/directorio-diversidad-mucho-ruido-pocas-nueces/510634/
#HistoriasLT,"Antonia Larraín: ""Es dañino que todo lo que ves en la publicidad no te represente""",https://www.latercera.com/la-tercera-tv/noticia/antonia-larrain-danino-lo-ves-la-publicidad-no-te-represente/509144/
Educación,U. de Chile abre inscripciones a curso virtual sobre teorías feministas,https://www.latercera.com/nacional/noticia/u-chile-abre-inscripciones-curso-virtual-teorias-feministas/509195/
Feminismo,"Ayaan, Sandra y todas nosotras",https://www.latercera.com/paula/ayaan-sandra-todas-nosotras/
Mi Historia,"Diana Maffía y su lucha: ""Ninguna feminista pretende pasar de dominada a dominante""",https://www.latercera.com/que-pasa/noticia/diana-maffia-y-su-lucha-ninguna-feminista-pretende-pasar-de-dominada-a-dominante/489667/
Abuso sexual,¿What is a man? | La dura respuesta al video feminista de Gillette,https://www.latercera.com/la-tercera-tv/noticia/what-is-man-la-dura-respuesta-al-video-feminista-gillette/490358/
cómo llegar a la Línea 3,Eloísa Díaz: El gallito entre U. de Chile y Metro por rebautizar estación de línea 3 con nombre de ícono feminista,https://www.latercera.com/la-tercera-pm/noticia/intenso-gallito-u-chile-metro-rebautizar-estacion-linea-3-nombre-icono-feminista/489021/
Simone De Beauvoir,Simone de Beauvoir: una de las mayores precursoras del feminismo en cinco datos,https://www.latercera.com/culto/2019/01/09/simone-beauvoir-feminismo/
Feminismo,Natalia Valdebenito corona su buen momento y se presenta ante un lleno Teatro Caupolicán,https://www.latercera.com/culto/2019/01/05/natalia-valdebenito-caupolican-sin-miedo/
Reportajes,¿Chistes Prohibidos? El humor también cambió,https://www.latercera.com/reportajes/noticia/chistes-prohibidos-el-humor-tambien-cambio/471724/
Teatro,Santiago a Mil: orgullo gay y feminista,https://www.latercera.com/paula/orgullo-gay-feminista/
Feminismo,Mujeres desnudas,https://www.latercera.com/paula/mujeres-desnudas/
Pregunta del día,¿Por qué el 2018 fue tan importante para el feminismo?,https://www.latercera.com/que-pasa/noticia/2018-fue-tan-importante-feminismo/462557/
Sociedad,El año en que dejamos de mirar el piropo como un halago,https://www.latercera.com/que-pasa/noticia/ano-dejamos-mirar-piropo-halago/464221/
Lenwa Dura,"Lenwa Dura, de Tiro de Gracia: ""Hay miles de Nábila en el anonimato sufriendo violencia todos los días""",https://www.latercera.com/culto/2018/12/26/lenwa-dura-nabila-rifo/
La flor de la vejez,"Irma Zepeda Ortiz, una vejez que se superpuso al dolor",https://www.latercera.com/paula/una-vejez-que-se-superpuso-al-dolor/
Protestas en Valparaíso,Columna de Héctor Soto: ¿Algo que nos una?,https://www.latercera.com/reportajes/noticia/columna-hector-soto-algo-nos-una/425968/
#NoLoDejesPasar,#Nolodejespasar: Se han cometido 35 femicidios y 104 femicidios frustrados en lo que va del 2018,https://www.latercera.com/nacional/noticia/nolodejespasar-se-cometido-35-femicidios-104-femicidios-frustrados-lo-va-del-2018/417412/
Científica,La vida secreta de las rocas,https://www.latercera.com/tendencias/noticia/la-vida-secreta-las-rocas/404644/
Feminismo,También el pasado fue femenino: Flor Pucarina,https://www.latercera.com/paula/tambien-pasado-fue-femenino-flor-pucarina/
Diputada RN,Las charlas feministas y provida de Ximena Ossandón,https://www.latercera.com/politica/noticia/las-charlas-feministas-provida-ximena-ossandon/385383/
Sename,"Patricia Muñoz: ""Seré la piedra en el zapato de muchos""",https://www.latercera.com/paula/patricia-munoz-sere-la-piedra-en-el-zapato-de-muchos/
Feminismo,She persisted,https://www.latercera.com/paula/she-persisted/
Colegio Médico,"Izkia Siches Pastén: ""Quisiera seducir a todos con el feminismo""",https://www.latercera.com/paula/izquia-siches-pasten-quisiera-seducir-todos-feminismo/
Catherine Millet,"Catherine Millet, escritora e intelectual francesa: ""Muchos de los varones que fueron denunciados por el #MeToo da la casualidad de que eran judíos""",https://www.latercera.com/culto/2018/10/11/catherine-millet-escritora-e-intelectual-francesa-muchos-los-varones-fueron-denunciados-metoo-da-la-casualidad-judios/
Feminismo,Feminismo y reggaetón: Estamos vivas y perreando,https://www.latercera.com/paula/feminismo-reggaeton-estaos-vivas-perreando/
Feminismo,"""Me daría vergüenza ser un hombre machista y no darme cuenta de que las relaciones de pareja se construyen entre dos"". El Si yo fuera hombre de Antonella Ríos",https://www.latercera.com/paula/me-daria-verguenza-hombre-machista-no-darme-cuenta-las-relaciones-pareja-se-construyen-dos-hombre-antonella-rios/
mujer,No quiero ser madre,https://www.latercera.com/paula/no-quiero-madre/
Andrea Giunta,"Andrea Giunta: ""Tenemos que transformar desde el feminismo los presupuestos de un mundo del arte que es patriarcal, blanco y racista""",https://www.latercera.com/paula/arte-y-mujeres-feminismo/
Paramore,"La razón por la que Paramore ya no tocará ""Misery Business""",https://www.latercera.com/culto/2018/09/10/la-razon-la-paramore-ya-no-tocara-misery-business/
Feminismo,Estudio denuncia la exclusión de mujeres de puestos científicos de prestigio,https://www.latercera.com/tendencias/noticia/estudio-denuncia-la-exclusion-mujeres-puestos-cientificos-prestigio/307977/
Feminismo,Columna de género: El año de mujeres y de la sororidad,https://www.latercera.com/tendencias/noticia/columna-genero-ano-mujeres-la-sororidad/302781/
Abuso,La férrea defensa de la diputada Karol Cariola a la ministra Isabel Plá,https://www.latercera.com/la-tercera-tv/noticia/la-ferrea-defensa-la-diputada-karol-cariola-la-ministra-isabel-pla/298034/
mujeres,También el pasado es femenino: Marta Colvin,https://www.latercera.com/paula/tambien-pasado-femenino-marta-colvin/
Feminismo,Columna de Género: ¿Dónde están las mujeres en computación y tecnología?,https://www.latercera.com/tendencias/noticia/columna-genero-donde-estan-las-mujeres-computacion-tecnologia/289304/
María Blanco,"María Blanco, académica: ""Me parece que recurrir al Estado hace dependiente a la mujer""",https://www.latercera.com/culto/2018/08/13/maria-blanco-academica-me-parece-recurrir-al-dependiente-a-la-mujer/
Reportajes,A 24 años del minuto feliz: La resistencia del café con piernas,https://www.latercera.com/reportajes/noticia/a-24-anos-del-minuto-feliz-la-resistencia-del-cafe-con-piernas/278026/
Columna,Manual para trogloditas desorientados,https://www.latercera.com/paula/manual-trogloditas-desorientados/
Entrevistas,Todas las miradas de Claudia Burr,https://www.latercera.com/paula/todas-las-miradas-claudia-burr/
Feminismo,"Realizan ""pañuelazo"" frente a Embajada de Argentina en apoyo al proyecto sobre aborto libre",https://www.latercera.com/nacional/noticia/realizan-panuelazo-frente-embajada-argentina-apoyo-al-proyecto-aborto-libre/274811/
Feminismo,"PS aprueba protocolo contra violencia de género, acoso y abuso sexual",https://www.latercera.com/nacional/noticia/ps-aprueba-protocolo-violencia-genero-acoso-abuso-sexual/272373/
Feminismo,Si yo fuera hombre: Karol Cariola,https://www.latercera.com/paula/hombre-karol-cariola/
Feminismo,La mujer según Zadie Smith,https://www.latercera.com/tendencias/noticia/la-mujer-segun-zadie-smith/268360/
Feminismo,"Columna de Educación: Género y discurso, ""calladita más bonita""",https://www.latercera.com/tendencias/noticia/columna-educacion-genero-discurso-calladita-mas-bonita/262671/
Feminismo,Experta en educación no sexista dictará charla en U. de Chile en seminarios permanentes tras tomas feministas,https://www.latercera.com/nacional/noticia/experta-educacion-no-sexista-dictara-charla-u-chile-seminarios-permanentes-tras-tomas-feministas/259988/
Aborto,"""Exigimos que se hagan cargo"": Presentan denuncia por violencia en marcha pro aborto libre",https://www.latercera.com/nacional/noticia/exigimos-se-hagan-cargo-presentan-denuncia-violencia-marcha-pro-aborto-libre/259453/
Protesta,Manifestación feminista por mujeres agredidas termina con incidentes,https://www.latercera.com/nacional/noticia/realizan-manifestacion-rechazo-ataque-mujeres-marchar-aborto-libre/258573/
Feminismo,"Dirigentas por ataque en marcha Pro Aborto: ""Nosotras las feministas movilizadas no tenemos miedo""",https://www.latercera.com/nacional/noticia/dirigentas-ataque-marcha-pro-aborto-nosotras-las-feministas-movilizadas-no-tenemos-miedo/257793/
Feminismo,"""Recuerda los peores años de la dictadura"": Bachelet repudia ataque a mujeres en marcha por aborto libre",https://www.latercera.com/nacional/noticia/recuerda-los-peores-anos-la-dictadura-bachelet-repudia-ataque-mujeres-marcha-aborto-libre/257525/
Feminismo,Tres mujeres y un carabinero fueron agredidos en medio de marcha por aborto libre,https://www.latercera.com/nacional/noticia/tres-mujeres-carabinero-agredidos-medio-marcha-aborto-libre/257041/
Edición Aniversario,Jane Austen y los pechos desnudos,https://www.latercera.com/cultura/noticia/jane-austen-los-pechos-desnudos/257006/
Edición Aniversario,Chicas superpoderosas,https://www.latercera.com/politica/noticia/chicas-superpoderosas/257051/
Edición Aniversario,"Patricia Matte, consejera de Libertad y Desarrollo: ""Si naciera de nuevo me habría metido más en las empresas""",https://www.latercera.com/negocios/noticia/patricia-matte-consejera-libertad-desarrollo-naciera-nuevo-me-habria-metido-mas-las-empresas/257004/
Feminismo,La estrategia detrás los pañuelos verdes y el debate por el aborto libre,https://www.latercera.com/nacional/noticia/la-estrategia-detras-los-panuelos-verdes-debate-aborto-libre/257221/
Feminismo,Sexta marcha por aborto libre y gratuito se desarrolla en Santiago,https://www.latercera.com/nacional/noticia/sexta-marcha-aborto-libre-gratuito-se-desarrolla-santiago/256771/
Movilización,"""No bastan tres causales"": Movimiento feminista alista nueva marcha por aborto",https://www.latercera.com/nacional/noticia/no-bastan-tres-causales-movimiento-feminista-alista-nueva-marcha-aborto/255391/
Feminismo,Umce: piden despido de 23 académicos y funcionarios por acoso,https://www.latercera.com/nacional/noticia/umce-piden-despido-23-academicos-funcionarios-acoso/246767/
Feminismo,El mundo del arte redescubre a sus mujeres,https://www.latercera.com/culto/2018/07/16/mundo-del-arte-redescubre-a-sus-mujeres/
Feminismo,"Columna de género: Las ""pequeñas humillaciones"" que fundamentan el malestar social",https://www.latercera.com/tendencias/noticia/columna-genero-las-pequenas-humillaciones-fundamentan-malestar-social/242267/
Feminismo,Académicas de la U. de Chile piden renuncia de Carlos Carmona,https://www.latercera.com/nacional/noticia/academicas-la-u-chile-piden-renuncia-carlos-carmona/235223/
Feminismo,María José Vasconcelos: la mujer que respira fútbol,https://www.latercera.com/paula/maria-jose-vasconcelos-la-mujer-respira-futbol/
Feminismo,"Mad, sad, bad: Chilenas con calle",https://www.latercera.com/paula/mad-sad-bad-chilenas-calle/
Expresidenta,Michelle Bachelet irrumpe defendiendo su legado feminista,https://www.latercera.com/politica/noticia/michelle-bachelet-irrumpe-defendiendo-legado-feminista/232687/
Arte,Metáfora feminista,https://www.latercera.com/masdeco/metafora-feminista/
Acoso,Corte de Apelaciones revoca desvinculación de docente acusado de acoso sexual en U. Austral,https://www.latercera.com/nacional/noticia/corte-apelaciones-revoca-desvinculacion-docente-acoso/223394/
Hub Sustentabilidad,Estudio: mujeres de nuevas generaciones siguen a cargo del cuidado,https://www.latercera.com/pulso/noticia/estudio-mujeres-nuevas-generaciones-siguen-cargo-del-cuidado/221732/
Hub Sustentabilidad,"WoomUp Emprende, las mentorías para mujeres de negocios",https://www.latercera.com/pulso/noticia/woomup-emprende-las-mentorias-mujeres-negocios/221730/
Pulso Columnas,Más convicción en la justicia,https://www.latercera.com/pulso/noticia/mas-conviccion-la-justicia/221731/
Feminismo,"Con apoyo transversal, Cámara realizará sesión por femicidios",https://www.latercera.com/politica/noticia/apoyo-transversal-camara-realizara-sesion-femicidios/221679/
Toma estudiantil,Entre toma y toma,https://www.latercera.com/reportajes/noticia/la-columna-de-hector-soto-entre-toma-y-toma/217321/
Feminismo,"Evelyn Matthei y el movimiento feminista: ""Seamos justos las tomas también ayudan a poner el tema en el tapete""",https://www.latercera.com/politica/noticia/evelyn-matthei-movimiento-feminista-seamos-justos-las-tomas-tambien-ayudan-poner-tema-tapete/218215/
Fútbol,Los nuevos aires del fútbol,https://www.latercera.com/paula/los-nuevos-aires-del-futbol/
Deconstrucción,Los otros clubes de Toby,https://www.latercera.com/tendencias/noticia/los-otros-clubes-toby/216683/
Economía & Dinero,"Hacienda, tierra de hombres. Ni en el Ministerio ni en comisiones hay mujeres en primera línea",https://www.latercera.com/pulso/noticia/hacienda-tierra-hombres-ministerio-comisiones-mujeres-primera-linea/215772/
Tomas feministas,U. Central informa fin de toma tras acuerdo con grupos feministas,https://www.latercera.com/nacional/noticia/u-central-informa-fin-toma-tras-acuerdo-grupos-feministas/214281/
Feminismo,Petitorio de alumnas de U. de Chile incluye participación en presupuesto,https://www.latercera.com/nacional/noticia/petitorio-alumnas-u-chile-incluye-participacion-presupuesto/211456/
Feminismo,Estudiantes de la U. de Chile entregarán hoy petitorio unificado a rector Vivaldi,https://www.latercera.com/nacional/noticia/estudiantes-la-u-chile-entregaran-hoy-petitorio-unificado-rector-vivaldi/210717/
Feminismo,"Andrea Arístegui: ""Normalmente me dicen 'tan dulce que se ve, pero tan puntúa que es'""",https://www.latercera.com/paula/andrea-aristegui-normalmente-me-dicen-tan-dulce-se-ve-tan-puntua/
Cambio Social,"Columna de Fernando Villegas: ""Un paso adelante, dos atrás...""",https://www.latercera.com/reportajes/noticia/columna-fernando-villegas-paso-adelante-dos-atras/208174/
Jessa Crispin,"Jessa Crispin, escritora feminista: ""La palabra 'empoderamiento' es puro narcisismo""",https://www.latercera.com/culto/2018/06/16/jessa-crispin-escritora-feminista-la-palabra-empoderamiento-puro-narcisismo/
Feminismo,¿Compañeros o compañeres? un nuevo debate,https://www.latercera.com/nacional/noticia/companeros-companeres-nuevo-debate/208254/
Feminismo,Movimiento feminista cuestiona al gobierno tras serie de femicidios,https://www.latercera.com/nacional/noticia/movimiento-feminista-cuestiona-al-gobierno-tras-serie-femicidios/206768/
Feminismo,La ola feminista desembarca en la U. de Los Andes,https://www.latercera.com/paula/la-ola-feminista-desembarca-la-u-los-andes/
Feminismo,Movimiento feminista convoca a velatón frente a La Moneda tras serie de femicidios,https://www.latercera.com/nacional/noticia/movimiento-feminista-convoca-velaton-frente-la-moneda-tras-serie-femicidios/205302/
Feminismo,"Lucrecia Martel, cineasta argentina, y el movimiento feminista: ""Ya no emergen unas pocas heroínas, sino que todas pensamos así""",https://www.latercera.com/paula/lucrecia-martel-cineasta-argentina-movimiento-feminista-ya-no-emergen-unas-pocas-heroinas-todas-pensamos-asi/
Feminismo,Feministas chilenas llaman a diputados argentinos a aprobar Ley de Aborto,https://www.latercera.com/politica/noticia/feministas-chilenas-llaman-diputados-argentinos-aprobar-ley-aborto/202795/
Opinión,Liberen la teta,https://www.latercera.com/paula/liberen-la-teta/
Acoso,"Camila Vallejo: ""Feliz habría protestado pechugas al aire""",https://www.latercera.com/paula/camila-vallejo-feliz-habria-protestado-pechugas-al-aire/
Feminismo,"""¡Corran, corran, vamos, rápido!"": diario de la toma feminista en la UC",https://www.latercera.com/paula/corran-corran-rapido-diario-la-toma-feminista-la-uc/
Educación Superior,Rector de la PUC aborda temática feminista en discurso y compromete lucha contra actos de violencia sexual,https://www.latercera.com/nacional/noticia/rector-la-puc-aborda-tematica-feminista-discurso-compromete-lucha-actos-violencia-sexual/197798/
Pulso Columnas,Ideas con convicción,https://www.latercera.com/pulso/noticia/ideas-con-conviccion/196887/
Feminismo,Pechos al aire: doce figuras opinan sobre la nueva forma de protestar,https://www.latercera.com/paula/pechos-al-aire-doce-figuras-opinan-nueva-forma-protesta/
Región del Biobío,"""No los queremos acá, los queremos estudiando"": Rector de la UdeC encaró a encapuchados que causaban desórdenes en la universidad",https://www.latercera.com/nacional/noticia/no-los-queremos-aca-los-queremos-estudiando-rector-la-udec-encaro-encapuchados-causaban-desordenes-la-universidad/195391/
Sex and the City,Sex and the city y las mujeres imperfectas,https://www.latercera.com/culto/2018/06/06/sex-and-the-city-las-mujeres-imperfectas/
Feminismo,Marcha feminista convoca a 15 mil personas en Santiago,https://www.latercera.com/nacional/noticia/marcha-feminista-se-tomara-nuevamente-centro-santiago/194446/
Feminismo,Una chilena en la apertura feminista de Arabia Saudita,https://www.latercera.com/paula/una-chilena-la-apertura-feminista-arabia-saudita/
Feminismo,Yo elegí el apellido de mi madre,https://www.latercera.com/paula/elegi-apellido-madre/
Gobierno,Ministras defienden agenda mujer de Piñera ante críticas por cuenta pública,https://www.latercera.com/politica/noticia/ministras-defienden-agenda-mujer-pinera-ante-criticas-cuenta-publica/190879/
Feminismo,"Cinco historiadoras ante la ""ola feminista""",https://www.latercera.com/culto/2018/06/03/cinco-historiadoras-ante-la-ola-feminista/
Feminismo,Sí & No: Alexa Soto,https://www.latercera.com/paula/si-no/
Feminismo,"Isabel Plá: ""El machismo es transversal, está en la izquierda y en la derecha""",https://www.latercera.com/paula/isabel-pla-machismo-transversal-esta-la-izquierda-la-derecha/
Feminismo,Catalina Martínez: La joven rebelde tras la toma feminista del Instituto Nacional,https://www.latercera.com/paula/catalina-martinez-la-joven-rebelde-tras-la-toma-feminista-del-instituto-nacional/
Feminismo,"Carlos Peña: ""Los hombres están desconcertados""",https://www.latercera.com/paula/carlos-pena-no-no/
Manifiesto,"Manifiesto de Pauline Kantor, ministra del Deporte: ""Para el plebiscito voté por el No, pese a que mis papás eran de derecha""",https://www.latercera.com/reportajes/noticia/manifiesto-pauline-kantor-ministra-del-deporte/189704/
Agenda valórica,Breve historia de la agenda valórica,https://www.latercera.com/reportajes/noticia/columna-de-oscar-contardo-breve-historia-de-la-agenda-valorica/189726/
50 años de la primera toma de la UC,"Elena Serrano: ""Me encantaría ser joven de nuevo y estar con las cadenas en la puerta de la universidad""",https://www.latercera.com/tendencias/noticia/elena-serrano-me-encantaria-joven-nuevo-estar-las-cadenas-la-puerta-la-universidad/188761/
Cuenta Pública,"Maya Fernández le contesta a Piñera: ""Pone en tela de juicio su propia agenda de género""",https://www.latercera.com/politica/noticia/maya-fernandez-responde-dichos-pinera-pone-tela-juicio-agenda-genero/189639/
Feminismo,La cita de Piñera a las ideas feministas de Gabriela Mistral durante la cuenta pública,https://www.latercera.com/culto/2018/06/01/la-cita-pinera-a-las-ideas-feministas-gabriela-mistral-la-cuenta-publica/
Cuenta Pública,Marcha feminista en Valparaíso terminó con siete detenidos,https://www.latercera.com/nacional/noticia/primeros-incidentes-se-registran-en-marcha-feminista-en-valparaiso/188586/
Feminismo,Coordinadora de Mujeres Organizadas presenta demandas previo a cuenta pública,https://www.latercera.com/nacional/noticia/coordinadora-mujeres-organizadas-presenta-demandas-previo-cuenta-publica/187636/
Feminismo,Estudiantes feministas se toman la sede de la UDI,https://www.latercera.com/politica/noticia/estudiantes-feministas-se-toman-la-sede-la-udi/187394/
Feminismo,Confech llama a marchar mañana en Valparaíso y rompe diálogo con Gobierno,https://www.latercera.com/nacional/noticia/confech-llama-marchar-manana-valparaiso-rompe-dialogo-gobierno/187194/
EspecialesLTCuenta,"Los intentos de Piñera por abordar la ""ola feminista""",https://www.latercera.com/nacional/noticia/los-intentos-pinera-abordar-la-ola-feminista/185177/
Feminismo,Manifestantes se toman sede de la Universidad Central,https://www.latercera.com/nacional/noticia/manifestantes-se-toman-sede-la-universidad-central/186730/
Equidad de Género,Así será implementada la inclusión de estudiantes transgénero en la UC,https://www.latercera.com/nacional/noticia/asi-sera-implementaba-la-inclusion-estudiantes-transgenero-la-uc/184199/
Feminismo,Dirigentas amplían demandas feministas previo a cuenta pública de Piñera,https://www.latercera.com/nacional/noticia/dirigentas-amplian-demandas-feministas-previo-cuenta-publica-pinera/184088/
Feminismo,Los acuerdos que pusieron fin a las 78 horas de toma feminista en la UC,https://www.latercera.com/nacional/noticia/los-acuerdos-pusieron-fin-las-78-horas-toma-feminista-la-uc/183315/
feminismo,Nacimiento de un meme: Los estudiantes PUC contra la toma feminista,https://www.latercera.com/mouse/meme-estudiante-puc-toma-feminista/
Feminismo,Estudiantes deponen toma feminista en Casa Central de la Universidad Católica,https://www.latercera.com/nacional/noticia/estudiantes-deponen-toma-feminista-casa-central-la-universidad-catolica/182756/
Feminismo,Dirigentas solicitan autorización a la Intendencia para nueva marcha feminista,https://www.latercera.com/nacional/noticia/dirigentas-solicitan-autorizacion-la-intendencia-nueva-marcha-feminista/182239/
UC,Toma feminista de la UC tuvo velatón y visita de Beatriz Sánchez,https://www.latercera.com/nacional/noticia/toma-feminista-velaton-visita-beatriz-sanchez/182106/
Feminismo,"María Cristina Brieba sobre movimiento feminista: ""Las alumnas tienen que lograr que las escuchen de alguna manera""",https://www.latercera.com/nacional/noticia/maria-cristina-brieba-movimiento-feminista-las-alumnas-tienen-lograr-las-escuchen-alguna-manera/181810/
Feminismo,"Rectora de la Universidad SEK sobre movimiento feminista: ""Había que de alguna forma alzar la voz""",https://www.latercera.com/nacional/noticia/rectora-la-universidad-sek-movimiento-feminista-habia-alguna-forma-alzar-la-voz/181698/
Igualdad de género,Tres de las rectoras a la cabeza entre 56 universidades chilenas,https://www.latercera.com/nacional/noticia/las-unicas-tres-rectoras-la-cabeza-56-universidades-chilenas/181435/
Movimiento feminista,Toma en UC: rector Sánchez fija plazo para analizar un desalojo,https://www.latercera.com/nacional/noticia/toma-uc-rector-sanchez-fija-plazo-analizar-desalojo/181397/
Casa Central,"Columna de Óscar Contardo: La patria, las mujeres y la universidad",https://www.latercera.com/reportajes/noticia/la-patria-las-mujeres-la-universidad/180219/
Feminismo,Rector Sánchez se reúne con alumnas que mantienen la toma en Casa Central,https://www.latercera.com/nacional/noticia/rector-sanchez-se-reune-alumnas-mantienen-la-toma-casa-central/180972/
Manifestación,Grupo de estudiantes se manifiesta en contra de la toma en Casa Central de la UC,https://www.latercera.com/nacional/noticia/grupo-estudiantes-se-manifiesta-la-toma-casa-central-la-uc/180835/
Feminismo,"Allamand llama a acuerdo para impulsar agenda de género en el Congreso y pide ""debate cuidadoso"" por reforma a isapres",https://www.latercera.com/politica/noticia/allamand-llama-acuerdo-impulsar-agenda-genero-congreso-pide-debate-cuidadoso-reforma-isapres/180831/
Universidad Católica,Alumnas realizan histórica toma en casa central de la Universidad Católica,https://www.latercera.com/nacional/noticia/alumnas-realizan-historica-toma-casa-central-la-universidad-catolica/180645/
Feminismo,Rector Sánchez no abrirá sumario a alumnas si toma en Casa Central culmina hoy,https://www.latercera.com/nacional/noticia/rector-sanchez-no-abrira-sumario-alumnas-toma-casa-central-culmina-hoy/179819/
Discriminación,La estoica respuesta de una reina de belleza tras crudo mensaje discriminatorio,https://www.latercera.com/la-tercera-tv/noticia/la-estoica-respuesta-una-reina-belleza-tras-crudo-mensaje-discriminatorio/179746/
Javiera Mena,"Javiera Mena y denuncias de abusos: ""Están saliendo a flote miles de años de rabia de la mujer""",https://www.latercera.com/culto/2018/05/25/javiera-mena-denuncias-abusos-estan-saliendo-a-flote-miles-anos-rabia-la-mujer/
Feminismo,Diputada del Frente Amplio lanza campaña para que se reconozca el trabajo doméstico,https://www.latercera.com/politica/noticia/frente-amplio-lanza-campana-se-reconozca-trabajo-domestico-chile/178965/
Feminismo,El petitorio de las alumnas que mantienen toma en Casa Central de la U. Católica,https://www.latercera.com/nacional/noticia/petitorio-las-alumnas-mantienen-toma-casa-central-la-u-catolica/178732/
Feminismo,Alumnas se toman Casa Central de la Universidad Católica,https://www.latercera.com/nacional/noticia/alumnas-se-toman-dependencias-de-la-casa-central-de-la-universidad-catolica/178659/
Feminismo,Convocan a nueva marcha feminista para el próximo 6 de junio,https://www.latercera.com/nacional/noticia/convocan-nueva-marcha-feminista-proximo-6-junio/176587/
Feminismo,U. Católica de Valparaíso crea protocolos y reglamentos para enfrentar casos de acoso y hostigamiento,https://www.latercera.com/nacional/noticia/u-catolica-valparaiso-crea-protocolos-reglamentos-enfrentar-casos-acoso-hostigamiento/176594/
La Tercera PM,"Rector del Instituto Nacional: ""No conozco ningún establecimiento donde no haya alguna conducta machista""",https://www.latercera.com/la-tercera-pm/noticia/fernando-soto-rector-del-instituto-nacional-no-conozco-ningun-establecimiento-educacional-chile-donde-no-haya-alguna-manifestacion-conducta-machista/174549/
Feminismo,Diputadas del PC se reúnen con ministra de la Mujer por agenda de género,https://www.latercera.com/politica/noticia/diputadas-del-pc-se-reunen-ministra-la-mujer-agenda-genero/173940/
Feminismo,U. Católica del Norte establece medidas para enfrentar casos de acoso y violencia sexual,https://www.latercera.com/nacional/noticia/u-catolica-del-norte-establece-medidas-enfrentar-casos-acoso-violencia-sexual/173503/
Feminismo,"Vicepresidenta de la FEUC defiende tomas y funas feministas: ""Son las únicas herramientas que tenemos""",https://www.latercera.com/nacional/noticia/vicepresidenta-la-feuc-defiende-tomas-funas-feministas-las-unicas-herramientas-tenemos/172650/
Feminismo,Decano de Derecho de la U. de Chile reconoce errores en aplicación de protocolo de acoso,https://www.latercera.com/nacional/noticia/decano-derecho-la-u-chile-reconoce-errores-aplicacion-protocolo-acoso/172615/
Reportajes,Columna de Héctor Soto: Los ejes del debate,https://www.latercera.com/reportajes/noticia/columna-hector-soto-los-ejes-del-debate/170849/
Movimiento,La fuerza de las universitarias,https://www.latercera.com/tendencias/noticia/la-fuerza-las-universitarias/172134/
Tercera ola,Feminismo chileno vive su revolución más importante en 40 años,https://www.latercera.com/tendencias/noticia/feminismo-chileno-vive-revolucion-mas-importante-40-anos/172111/
Autoras,La biblioteca feminista actual,https://www.latercera.com/cultura/noticia/la-biblioteca-feminista-actual/172289/
Feminismo,Fallos que marcan: Cuando los jueces no les creen a víctimas de violación,https://www.latercera.com/reportajes/noticia/fallos-marcan-cuando-los-jueces-no-les-creen-victimas-violacion/171310/
#CLT,La ola feminista a cuatro voces,https://www.latercera.com/reportajes/noticia/la-ola-feminista-cuatro-voces/171463/
Alia Trabucco Zerán,El canon femenino: las escritoras chilenas que deberíamos conocer,https://www.latercera.com/culto/2018/05/19/canon-femenino-las-escritoras-chilenas-deberiamos-conocer/
Tendencias,¿Cómo se instruye una feminista en toma?,https://www.latercera.com/tendencias/noticia/se-instruye-una-feminista-toma/171315/
Movimiento Estudiantil,Exalumnas de Derecho UC manifiestan su apoyo al movimiento feminista,https://www.latercera.com/nacional/noticia/ex-alumnas-derecho-uc-manifiestan-apoyo-al-movimiento-feminista/167995/
La Tercera PM,"Luna Follegati: ""El feminismo empuja o se proyecta más allá de una configuración izquierda/derecha""",https://www.latercera.com/la-tercera-pm/noticia/luna-follegati-feminismo-empuja-se-proyecta-mas-alla-una-configuracion-izquierdaderecha/167427/
La Tercera PM,"¿Y cómo anda el feminismo en la ""cota mil""? U. de Los Andes, UDD, Finis Terrae y UAI marchan y se organizan",https://www.latercera.com/la-tercera-pm/noticia/los-andes-adolfo-ibanez-udd-finis-terrae-asi-sacudidas-las-universidades-cota-mil-feminismo/167322/
Feminismo,Viaje al centro de las tomas feministas,https://www.latercera.com/reportajes/noticia/viaje-al-centro-las-tomas-feministas/162021/
Mujeres y poder,Mujeres y poder: una clase de historia,https://www.latercera.com/culto/2018/05/09/mujeres-poder-una-clase-historia/
Movimiento Estudiantil,"""Cuando nosotras nos reunimos, ellos limpian""",https://www.latercera.com/nacional/noticia/cuando-nosotras-nos-reunimos-limpian/157899/
Feminismo,"Sonia Montecino, antropóloga y premio nacional 2013 sobre movilizaciones feministas: ""Espero que a estas tomas las escuchen principalmente los hombres""",https://www.latercera.com/nacional/noticia/sonia-montecino-antropologa-premio-nacional-2013-espero-estas-tomas-las-escuchen-principalmente-los-hombres/157941/
Feminismo,"Rafael Gumucio sobre tomas feministas: ""Son movimientos de mujeres solteras, sin hijos ni demasiados problemas económicos""",https://www.latercera.com/nacional/noticia/rafael-gumucio-tomas-feministas-movimientos-mujeres-solteras-sin-hijos-demasiados-problemas-economicos/157933/
Movimiento Estudiantil,Secundarios se suman a la lucha de igualdad de género,https://www.latercera.com/nacional/noticia/secundarios-se-suman-la-lucha-igualdad-genero/157893/
Movilizaciones,Las demandas tras las tomas feministas en universidades,https://www.latercera.com/nacional/noticia/las-demandas-tras-las-tomas-feministas-universidades/157888/
Manifiesto,"Manifiesto de Denise Rosenthal: ""Hay gente que sigue pensando que tengo 18 años""",https://www.latercera.com/reportajes/noticia/manifiesto-denise-rosenthal-gente-sigue-pensando-18-anos/153889/
Mario Vargas Llosa,"Mario Vargas Llosa: ""Hay una rama del feminismo que se ha convertido en algo absolutamente intolerante y eso debe ser combatido""",https://www.latercera.com/culto/2018/05/04/mario-vargas-llosa-una-rama-del-feminismo-se-ha-convertido-en-absolutamente-intolerante-debe-combatido/
Libros,Sobre mujeres,https://www.latercera.com/paula/sobre-mujeres/
Manifiesto,"Ignacio Gutiérrez, conductor de televisión: ""Tras mi salida de Chilevisión estuve encerrado dos meses en mi casa""",https://www.latercera.com/reportajes/noticia/ignacio-gutierrez-conductor-television-tras-salida-chilevision-estuve-encerrado-dos-meses-casa/139966/
Debate,"""Hay que leer a Neruda desde el feminismo""",https://www.latercera.com/cultura/noticia/leer-neruda-desde-feminismo/132725/
Breakfast Club,Molly Ringwald critica el machismo en las películas de John Hughes,https://www.latercera.com/mouse/molly-ringwald-machismo-peliculas-john-hughes/
Apuntes de un wing izquierdo,Feminismo y fútbol,https://www.latercera.com/el-deportivo/noticia/feminismo-y-futbol/104340/
libro,Mujeres y poder,https://www.latercera.com/revista-que-pasa/mujeres-y-poder/
Feminismo,"Lina Meruane, escritora chilena: ""Hay una reacción casi inmediata a la idea de oponerse a la maternidad""",https://www.latercera.com/cultura/noticia/lina-meruane-escritora-chilena-una-reaccion-casi-inmediata-la-idea-oponerse-la-maternidad/92404/
Protesta,España tendrá hoy su primera huelga general feminista,https://www.latercera.com/mundo/noticia/espana-tendra-hoy-primera-huelga-general-feminista/91322/
Frente Amplio,La intensa agenda feminista que reactivará a Beatriz Sánchez en la política,https://www.latercera.com/pulso/la-intensa-agenda-feminista-reactivara-beatriz-sanchez-la-politica/
Feminismo,33 canciones que definen al feminismo en el punk,https://www.latercera.com/culto/2018/02/14/33-canciones-definen-feminismo-en-punk/
"""Corrección política""","¿Quién es Jordan B. Peterson, el psicólogo canadiense ""anti feminista"" estrella en YouTube?",https://www.latercera.com/tendencias/noticia/quien-jordan-b-peterson-psicologo-canadiense-anti-feminista-estrella-youtube/66815/
Feminismo,"El psicólogo canadiense superventas que ataca al feminismo: ""Sepultan la biología con su ideología""",https://www.latercera.com/tendencias/noticia/psicologo-canadiense-superventas-ataca-al-feminismo-sepultan-la-biologia-ideologia/65563/
RN,"""La derecha tradicional olvida cómo avanza la sociedad""",https://www.latercera.com/revista-que-pasa/la-derecha-tradicional-olvida-como-avanza-la-sociedad/
Entrevista con Ministra de la Mujer y equidad de género,Agenda femenina y nueva ministra,https://www.latercera.com/pulso/agenda-femenina-nueva-ministra/
Feminismo,"Teoría King Kong, un ensayo feminista de Virginie Despentes",https://www.latercera.com/culto/2018/02/05/teoria-king-kong-ensayo-feminista-virginie-despentes/
Equidad de Género,Cartas al Director: Feminismo y cuotas,https://www.latercera.com/pulso/cartas-al-director-feminismo-cuotas/
Columna,El príncipe feminista,https://www.latercera.com/paula/el-principe-feminista/
baddest bitch,El meme de Taylor Swift que revivió a las mujeres más fuertes de la historia,https://www.latercera.com/mouse/baddest-bitch-taylor-swift/
feminismo,Películas feministas que no te puedes perder: El hilo que arrasa en Twitter,https://www.latercera.com/mouse/peliculas-feministas-que-no-te-puedes-perder-el-hilo-que-arrasa-en-twitter/
Libros,Feminismo 5.0,https://www.latercera.com/paula/feminismo-5-0/
Marvel,Actrices del MCU propusieron una película protagonizada solo por heroínas,https://www.latercera.com/mouse/actrices-del-mcu-propusieron-una-pelicula-protagonizada-solo-por-heroinas/
Historia,La historia secreta de la Mujer Maravilla,https://www.latercera.com/noticia/la-historia-secreta-la-mujer-maravilla/
Historia,La historia secreta de la Mujer Maravilla,https://www.latercera.com/noticia/la-historia-secreta-la-mujer-maravilla/
Historia,La historia secreta de la Mujer Maravilla,https://www.latercera.com/noticia/la-historia-secreta-la-mujer-maravilla/
Historia,La historia secreta de la Mujer Maravilla,https://www.latercera.com/noticia/la-historia-secreta-la-mujer-maravilla/
Historia,La historia secreta de la Mujer Maravilla,https://www.latercera.com/noticia/la-historia-secreta-la-mujer-maravilla/
Historia,La historia secreta de la Mujer Maravilla,https://www.latercera.com/noticia/la-historia-secreta-la-mujer-maravilla/
Wonder Woman,James Cameron defiende sus comentarios en contra de Wonder Woman,https://www.latercera.com/mouse/james-cameron-polemica-wonder-woman/
Feminismo,"Muere Kate Millett, escritora y activista: ""El amor ha sido el opio de las mujeres como la religión de las masas""",https://www.latercera.com/culto/2017/09/07/muere-kate-millett-escritora-activista-amor-ha-sido-opio-las-mujeres-la-religion-las-masas/
Wonder Woman,Patty Jenkins responde a James Cameron por críticas a Wonder Woman,https://www.latercera.com/mouse/patty-jenkins-criticas-james-cameron/
Feminismo,"María Blanco, feminista contra las feministas",https://www.latercera.com/paula/maria-blanco-feminista-las-feministas/
Marvel,La campaña en apoyo a la editora Marvel acosada por tomar una malteada,https://www.latercera.com/mouse/make-mine-milkshake/
Camila Moreno,La carta donde Camila Moreno confiesa haber sufrido violencia de género y pide justicia para ex de Tea Time,https://www.latercera.com/noticia/camila-moreno-quiero-justicia-valentina-henriquez-nabila-riffo-todas-las-mujeres-maltratadas/
Maipú,"Manifiesto: Cathy Barriga, alcaldesa de Maipú",https://www.latercera.com/noticia/manifiesto-cathy-barriga-alcaldesa-de-maipu/
Maipú,"Manifiesto: Cathy Barriga, alcaldesa de Maipú",https://www.latercera.com/noticia/manifiesto-cathy-barriga-alcaldesa-de-maipu/
Mujeres,"Había una vez, un libro para niñas rebeldes",https://www.latercera.com/noticia/habia-una-vez-libro-ninas-rebeldes/
Mujeres,"Había una vez, un libro para niñas rebeldes",https://www.latercera.com/noticia/habia-una-vez-libro-ninas-rebeldes/
Feminismo,"""Eres libre de hacer tu mejor trabajo"": Jessica Hopper abrió las puertas del Festival Ruidosa",https://www.latercera.com/culto/2017/03/10/libre-mejor-trabajo-jessica-hopper-abrio-las-puertas-del-festival-ruidosa/
feminismo,Jessica Hopper en Ruidosa Fest,https://www.latercera.com/noticia/jessica-hopper-ruidosa-fest/
Jessica Hopper,Jessica Hopper en vivo desde el festival Ruidosa,https://www.latercera.com/culto/2017/03/09/jessica-hopper-vivo-desde-festival-ruidosa/
cine,El portal de cine IMDb incorpora una nueva calificación para las  películas hechas por mujeres,https://www.latercera.com/noticia/portal-cine-imdb-incorpora-una-nueva-calificacion-las-peliculas-hechas-mujeres/
feminismo,Tres activistas explican qué es el feminismo,https://www.latercera.com/noticia/tres-activistas-explican-feminismo/
feminismo,Tres activistas explican qué es el feminismo,https://www.latercera.com/noticia/tres-activistas-explican-feminismo/
Natalia Valdebenito,"Natalia Valdebenito y el feminismo: ""No es una tribu urbana, es algo súper real e importante""",https://www.latercera.com/culto/2017/03/08/natalia-valdebenito-feminismo-no-una-tribu-urbana-algo-super-real-e-importante/
Television,"Álex Hernández, director del Festival: ""No he hecho jamás televisión machista""",https://www.latercera.com/noticia/alex-hernandez-no-he-hecho-jamas-television-machista/
agresión,La mujer que fue apuñalada 32 veces por su exnovio y ahora va a casarse con el hombre que le salvó la vida,https://www.latercera.com/noticia/la-mujer-fue-apunalada-32-veces-exnovio-ahora-va-casarse-hombre-le-salvo-la-vida/
Madres,"Orna Donath: ""La sociedad debe dejar de presionar a las mujeres para convertirse en madres""",https://www.latercera.com/noticia/orna-donath-la-sociedad-dejar-presionar-las-mujeres-convertirse-madres/
Madres,"Orna Donath: ""La sociedad debe dejar de presionar a las mujeres para convertirse en madres""",https://www.latercera.com/noticia/orna-donath-la-sociedad-dejar-presionar-las-mujeres-convertirse-madres/
hombres,El polémico movimiento de derechos de los hombres,https://www.latercera.com/noticia/polemico-movimiento-derechos-los-hombres/
película,El renacer de Star Wars se pone feminista,https://www.latercera.com/noticia/renacer-star-wars-se-pone-feminista/
Andrés Calamaro,Andrés Calamaro causa polémica en redes sociales tras compartir video que parodia al feminismo,https://www.latercera.com/noticia/andres-calamaro-causa-polemica-redes-sociales-tras-compartir-video-parodia-al-feminismo/
Mujer,Hombres intervienen la Alameda en contra de la violencia de género,https://www.latercera.com/noticia/hombres-intervienen-la-alameda-la-violencia-genero/
cultura,Camille Paglia: agente provocador,https://www.latercera.com/noticia/camille-paglia-agente-provocador/
mujeres,El futuro es femenino,https://www.latercera.com/paula/el-futuro-es-femenino/
Michelle Obama,El discurso feminista de Michelle Obama en medio del tradicionalismo de Qatar,https://www.latercera.com/noticia/el-discurso-feminista-de-michelle-obama-en-medio-del-tradicionalismo-de-qatar/
glamour,Feminismo pop,https://www.latercera.com/noticia/feminismo-pop/
Feminismo,Paula en la memoria de Chile,https://www.latercera.com/paula/paula-en-la-memoria-de-chile/
Google,"Grupo feminista acusa a Google de machismo por sus ""Doodles""",https://www.latercera.com/noticia/grupo-feminista-acusa-a-google-de-machismo-por-sus-doodles/
isabel allende,Isabel Allende,https://www.latercera.com/paula/isabel-allende/
Libros,Escritor debutante,https://www.latercera.com/paula/escritor-debutante/
Libros,El feminismo exaltado de Caitlin Moran,https://www.latercera.com/paula/el-feminismo-exaltado-de-caitlin-moran/
cine,Festival de Cannes se defiende de acusaciones de sexismo por selección de películas de este año,https://www.latercera.com/noticia/festival-de-cannes-se-defiende-de-acusaciones-de-sexismo-por-seleccion-de-peliculas-de-este-ano/
documentales,La mirada de Kim Longinotto,https://www.latercera.com/paula/la-mirada-de-kim-longinotto/
